<?xml version="1.0" encoding="UTF-8"?>
<beans xmlns="http://www.springframework.org/schema/beans"
	xmlns:xsi="http://www.w3.org/2001/XMLSchema-instance"
	xsi:schemaLocation="http://www.springframework.org/schema/beans http://www.springframework.org/schema/beans/spring-beans.xsd">
	
	<!-- 데이터베이스의 드라이버, url, id, pwd 를 담는 dataSource -->	
	<bean id="dataSource" class="org.springframework.jdbc.datasource.DriverManagerDataSource">
		<property name="driverClassName">
			<value>org.mariadb.jdbc.Driver</value> <!-- 마리아db 에서 지정해줌 -->
		</property>
		<property name="url">
			<value>jdbc:mariadb://localhost:3306/shop</value>
		</property>
		<property name="username">
			<value>root</value>
		</property>
		<property name="password">
			<value>7564</value>
		</property>
	</bean>

</beans>
